UserID,Geography,EventType,ChannelType,Time
user4,South,Log-in,Web,0:00:10
user1,East,Log-in,Web,0:00:22
user4,South,Log-out,Mobile,0:00:44
user1,East,Log-out,Web,0:01:29
user5,East,Log-in,Web,0:02:01
user1,East,Log-in,Mobile,0:03:57
user16,South,Log-in,Mobile,0:04:36
user15,North,Log-in,Mobile,0:05:42
user3,North,Log-in,Web,0:05:59
user8,South,Log-in,Mobile,0:07:09
user19,North,Log-in,Mobile,0:09:22
user11,North,Log-in,Web,0:12:39
user8,South,Log-out,Web,0:18:32
user8,South,Log-in,Web,0:19:35
user19,North,Log-out,Web,0:22:02
user12,South,Log-in,Web,0:22:25
user4,South,Log-in,Mobile,0:22:30
user7,North,Log-in,Web,0:23:41
user9,East,Log-in,Web,0:28:27
user16,South,Log-out,Web,0:28:28
user14,West,Log-in,Mobile,0:32:20
user14,West,Log-out,Mobile,0:34:20
user5,East,Log-out,Mobile,0:38:21
user18,West,Log-in,Mobile,0:38:53
user5,East,Log-in,Mobile,0:43:44
user1,East,Log-out,Web,0:48:10
user4,South,Log-out,Web,0:48:51
user11,North,Log-out,Web,0:50:31
user12,South,Log-out,Mobile,0:50:54
user4,South,Log-in,Mobile,0:51:13
user7,North,Log-out,Mobile,0:52:10
user18,West,Log-out,Mobile,0:52:44
user10,West,Log-in,Mobile,0:55:09
user17,East,Log-in,Mobile,0:55:12
user7,North,Log-in,Mobile,0:58:45
user1,East,Log-in,Mobile,0:59:25
user15,North,Log-out,Mobile,1:00:43
user11,North,Log-in,Mobile,1:02:10
user4,South,Log-out,Web,1:05:24
user3,North,Log-out,Web,1:07:17
user12,South,Log-in,Web,1:07:33
user1,East,Log-out,Mobile,1:08:21
user10,West,Log-out,Mobile,1:08:38
user2,West,Log-in,Web,1:09:11
user7,North,Log-out,Mobile,1:10:17
user19,North,Log-in,Web,1:11:14
user18,West,Log-in,Web,1:17:20
user10,West,Log-in,Web,1:18:11
user4,South,Log-in,Mobile,1:18:23
user10,West,Log-out,Web,1:18:24
user1,East,Log-in,Web,1:21:26
user7,North,Log-in,Web,1:21:56
user5,East,Log-out,Mobile,1:25:31
user14,West,Log-in,Web,1:25:45
user11,North,Log-out,Web,1:27:00
user5,East,Log-in,Mobile,1:28:06
user7,North,Log-out,Mobile,1:29:26
user10,West,Log-in,Mobile,1:35:40
user19,North,Log-out,Web,1:36:16
user1,East,Log-out,Web,1:40:49
user8,South,Log-out,Mobile,1:42:09
user20,South,Log-in,Mobile,1:47:54
user1,East,Log-in,Mobile,1:48:29
user10,West,Log-out,Mobile,1:51:11
user20,South,Log-out,Mobile,1:53:35
user8,South,Log-in,Mobile,1:53:48
user15,North,Log-in,Mobile,1:54:41
user17,East,Log-out,Web,2:01:29
user1,East,Log-out,Mobile,2:07:51
user14,West,Log-out,Mobile,2:07:59
user5,East,Log-out,Mobile,2:08:51
user4,South,Log-out,Web,2:09:21
user1,East,Log-in,Mobile,2:09:52
user12,South,Log-out,Mobile,2:09:55
user14,West,Log-in,Web,2:10:15
user5,East,Log-in,Mobile,2:11:16
user17,East,Log-in,Web,2:13:13
user15,North,Log-out,Web,2:14:19
user11,North,Log-in,Web,2:14:41
user17,East,Log-out,Mobile,2:16:16
user13,East,Log-in,Mobile,2:19:28
user12,South,Log-in,Mobile,2:20:35
user16,South,Log-in,Web,2:21:01
user8,South,Log-out,Web,2:21:58
user8,South,Log-in,Mobile,2:22:35
user5,East,Log-out,Mobile,2:22:43
user9,East,Log-out,Mobile,2:24:12
user12,South,Log-out,Web,2:27:29
user14,West,Log-out,Web,2:29:59
user14,West,Log-in,Web,2:30:12
user13,East,Log-out,Mobile,2:30:41
user9,East,Log-in,Mobile,2:34:03
user1,East,Log-out,Mobile,2:34:21
user9,East,Log-out,Mobile,2:34:21
user8,South,Log-out,Web,2:36:31
user3,North,Log-in,Web,2:38:56
user20,South,Log-in,Web,2:44:04
user16,South,Log-out,Mobile,2:44:17
user2,West,Log-out,Mobile,2:44:38
user9,East,Log-in,Mobile,2:45:35
user3,North,Log-out,Mobile,2:45:49
user11,North,Log-out,Mobile,2:46:32
user18,West,Log-out,Web,2:48:34
user10,West,Log-in,Mobile,2:48:49
user7,North,Log-in,Web,2:49:41
user16,South,Log-in,Web,2:52:05
user10,West,Log-out,Web,2:52:34
user7,North,Log-out,Mobile,2:52:52
user13,East,Log-in,Web,2:54:20
user6,West,Log-in,Web,2:54:37
user19,North,Log-in,Web,2:55:55
user14,West,Log-out,Mobile,2:59:07
user17,East,Log-in,Web,2:59:29
user1,East,Log-in,Mobile,2:59:57
user1,East,Log-out,Mobile,3:01:31
user10,West,Log-in,Mobile,3:01:43
user18,West,Log-in,Mobile,3:01:50
user5,East,Log-in,Web,3:03:05
user9,East,Log-out,Web,3:05:47
user1,East,Log-in,Web,3:10:47
user12,South,Log-in,Web,3:11:02
user1,East,Log-out,Mobile,3:11:52
user13,East,Log-out,Mobile,3:13:24
user19,North,Log-out,Web,3:17:06
user19,North,Log-in,Web,3:20:11
user2,West,Log-in,Mobile,3:20:27
user6,West,Log-out,Web,3:20:40
user13,East,Log-in,Web,3:21:09
user17,East,Log-out,Mobile,3:23:04
user17,East,Log-in,Web,3:23:14
user19,North,Log-out,Mobile,3:24:22
user1,East,Log-in,Web,3:25:15
user16,South,Log-out,Web,3:32:50
user15,North,Log-in,Web,3:35:14
user8,South,Log-in,Web,3:36:37
user14,West,Log-in,Web,3:38:49
user2,West,Log-out,Mobile,3:40:00
user14,West,Log-out,Mobile,3:40:07
user7,North,Log-in,Web,3:49:01
user3,North,Log-in,Web,3:50:36
user7,North,Log-out,Web,3:51:01
user8,South,Log-out,Web,3:51:09
user19,North,Log-in,Mobile,3:51:54
user13,East,Log-out,Mobile,3:52:11
user7,North,Log-in,Web,3:52:31
user19,North,Log-out,Web,3:54:46
user4,South,Log-in,Mobile,3:58:24
user19,North,Log-in,Mobile,3:59:50
user8,South,Log-in,Mobile,4:01:20
user4,South,Log-out,Mobile,4:02:52
user16,South,Log-in,Mobile,4:02:58
user12,South,Log-out,Mobile,4:03:09
user6,West,Log-in,Mobile,4:05:11
user10,West,Log-out,Web,4:05:47
user16,South,Log-out,Mobile,4:05:48
user7,North,Log-out,Web,4:05:56
user2,West,Log-in,Mobile,4:07:18
user2,West,Log-out,Mobile,4:14:16
user2,West,Log-in,Mobile,4:14:17
user3,North,Log-out,Web,4:15:33
user1,East,Log-out,Web,4:16:00
user2,West,Log-out,Mobile,4:19:01
user11,North,Log-in,Mobile,4:21:04
user17,East,Log-out,Web,4:22:21
user3,North,Log-in,Mobile,4:23:49
user1,East,Log-in,Web,4:24:36
user15,North,Log-out,Mobile,4:25:01
user7,North,Log-in,Web,4:29:58
user18,West,Log-out,Web,4:36:18
user13,East,Log-in,Mobile,4:36:39
user8,South,Log-out,Web,4:37:50
user9,East,Log-in,Mobile,4:37:59
user14,West,Log-in,Mobile,4:38:32
user15,North,Log-in,Mobile,4:40:21
user19,North,Log-out,Web,4:41:07
user15,North,Log-out,Mobile,4:42:40
user2,West,Log-in,Web,4:42:44
user4,South,Log-in,Mobile,4:42:47
user9,East,Log-out,Mobile,4:46:32
user8,South,Log-in,Mobile,4:46:35
user4,South,Log-out,Web,4:47:16
user10,West,Log-in,Mobile,4:47:49
user5,East,Log-out,Mobile,4:53:12
user9,East,Log-in,Web,4:54:25
user12,South,Log-in,Web,4:54:29
user16,South,Log-in,Mobile,4:58:13
user15,North,Log-in,Web,5:00:02
user2,West,Log-out,Web,5:00:37
user3,North,Log-out,Web,5:02:41
user14,West,Log-out,Mobile,5:02:46
user20,South,Log-out,Web,5:07:25
user14,West,Log-in,Web,5:07:28
user13,East,Log-out,Web,5:09:18
user11,North,Log-out,Mobile,5:09:37
user8,South,Log-out,Web,5:10:26
user9,East,Log-out,Mobile,5:10:43
user3,North,Log-in,Mobile,5:11:06
user17,East,Log-in,Mobile,5:15:56
user5,East,Log-in,Web,5:19:30
user15,North,Log-out,Mobile,5:20:31
user2,West,Log-in,Web,5:21:48
user13,East,Log-in,Web,5:23:08
user18,West,Log-in,Web,5:23:21
user3,North,Log-out,Web,5:25:42
user3,North,Log-in,Web,5:26:39
user20,South,Log-in,Mobile,5:26:58
user20,South,Log-out,Web,5:27:09
user3,North,Log-out,Mobile,5:32:08
user20,South,Log-in,Web,5:32:37
user12,South,Log-out,Web,5:32:44
user6,West,Log-out,Web,5:33:57
user15,North,Log-in,Web,5:35:41
user20,South,Log-out,Web,5:35:59
user18,West,Log-out,Mobile,5:38:00
user18,West,Log-in,Web,5:38:19
user9,East,Log-in,Web,5:39:19
user16,South,Log-out,Mobile,5:43:27
user6,West,Log-in,Mobile,5:44:09
user14,West,Log-out,Web,5:44:38
user8,South,Log-in,Web,5:45:41
user9,East,Log-out,Web,5:47:11
user9,East,Log-in,Web,5:47:31
user12,South,Log-in,Web,5:48:37
user16,South,Log-in,Mobile,5:52:09
user18,West,Log-out,Web,5:52:51
user14,West,Log-in,Mobile,5:53:18
user13,East,Log-out,Mobile,5:54:55
user2,West,Log-out,Mobile,5:55:05
user3,North,Log-in,Mobile,5:56:25
user2,West,Log-in,Mobile,5:58:50
user14,West,Log-out,Web,5:59:14
user10,West,Log-out,Web,6:02:39
user12,South,Log-out,Web,6:03:40
user16,South,Log-out,Web,6:05:06
user13,East,Log-in,Mobile,6:05:43
user7,North,Log-out,Web,6:07:56
user1,East,Log-out,Web,6:08:32
user20,South,Log-in,Mobile,6:08:50
user1,East,Log-in,Mobile,6:09:14
user17,East,Log-out,Mobile,6:09:44
user10,West,Log-in,Web,6:12:25
user11,North,Log-in,Web,6:12:36
user10,West,Log-out,Web,6:13:12
user10,West,Log-in,Web,6:13:15
user15,North,Log-out,Web,6:13:31
user10,West,Log-out,Web,6:14:34
user2,West,Log-out,Web,6:18:16
user5,East,Log-out,Web,6:20:27
user3,North,Log-out,Mobile,6:20:35
user15,North,Log-in,Web,6:24:24
user5,East,Log-in,Web,6:24:41
user15,North,Log-out,Web,6:24:44
user6,West,Log-out,Web,6:25:07
user12,South,Log-in,Web,6:25:51
user7,North,Log-in,Mobile,6:26:23
user20,South,Log-out,Web,6:27:54
user10,West,Log-in,Mobile,6:28:23
user7,North,Log-out,Mobile,6:28:32
user20,South,Log-in,Mobile,6:29:33
user3,North,Log-in,Web,6:32:09
user12,South,Log-out,Mobile,6:33:10
user3,North,Log-out,Mobile,6:33:52
user9,East,Log-out,Web,6:34:43
user6,West,Log-in,Mobile,6:36:29
user7,North,Log-in,Mobile,6:41:33
user4,South,Log-in,Web,6:43:52
user14,West,Log-in,Web,6:44:58
user13,East,Log-out,Web,6:48:36
user11,North,Log-out,Mobile,6:51:42
user8,South,Log-out,Mobile,7:01:28
user20,South,Log-out,Mobile,7:03:22
user3,North,Log-in,Web,7:05:33
user16,South,Log-in,Web,7:06:14
user19,North,Log-in,Web,7:06:35
user13,East,Log-in,Web,7:08:06
user13,East,Log-out,Web,7:09:21
user7,North,Log-out,Web,7:15:12
user6,West,Log-out,Mobile,7:16:24
user6,West,Log-in,Mobile,7:16:58
user19,North,Log-out,Mobile,7:18:31
user14,West,Log-out,Mobile,7:19:53
user7,North,Log-in,Mobile,7:23:26
user11,North,Log-in,Mobile,7:23:47
user15,North,Log-in,Web,7:25:27
user19,North,Log-in,Mobile,7:26:10
user8,South,Log-in,Mobile,7:28:10
user6,West,Log-out,Web,7:28:25
user14,West,Log-in,Mobile,7:30:22
user1,East,Log-out,Mobile,7:33:54
user10,West,Log-out,Mobile,7:34:28
user1,East,Log-in,Mobile,7:35:10
user4,South,Log-out,Mobile,7:35:35
user18,West,Log-in,Web,7:39:38
user4,South,Log-in,Mobile,7:41:30
user11,North,Log-out,Mobile,7:41:57
user7,North,Log-out,Web,7:43:46
user5,East,Log-out,Mobile,7:44:59
user15,North,Log-out,Web,7:46:27
user10,West,Log-in,Web,7:50:20
user19,North,Log-out,Web,7:53:42
user8,South,Log-out,Web,7:54:32
user2,West,Log-in,Mobile,7:55:07
user19,North,Log-in,Web,7:59:33
user7,North,Log-in,Web,8:02:27
user20,South,Log-in,Mobile,8:02:30
user19,North,Log-out,Mobile,8:02:56
user8,South,Log-in,Mobile,8:03:07
user15,North,Log-in,Mobile,8:03:08
user1,East,Log-out,Web,8:03:24
user5,East,Log-in,Web,8:06:57
user4,South,Log-out,Mobile,8:07:03
user18,West,Log-out,Web,8:07:09
user17,East,Log-in,Web,8:07:25
user11,North,Log-in,Mobile,8:09:22
user20,South,Log-out,Web,8:10:49
user2,West,Log-out,Web,8:11:35
user13,East,Log-in,Mobile,8:12:28
user2,West,Log-in,Mobile,8:14:27
user1,East,Log-in,Web,8:16:53
user12,South,Log-in,Mobile,8:17:09
user1,East,Log-out,Web,8:17:42
user7,North,Log-out,Mobile,8:18:48
user5,East,Log-out,Mobile,8:19:14
user10,West,Log-out,Mobile,8:20:55
user8,South,Log-out,Mobile,8:25:16
user19,North,Log-in,Mobile,8:25:33
user6,West,Log-in,Web,8:26:25
user6,West,Log-out,Web,8:28:07
user16,South,Log-out,Mobile,8:30:17
user5,East,Log-in,Web,8:31:09
user8,South,Log-in,Web,8:32:39
user3,North,Log-out,Web,8:32:42
user3,North,Log-in,Web,8:36:54
user16,South,Log-in,Mobile,8:39:03
user1,East,Log-in,Web,8:40:12
user14,West,Log-out,Web,8:43:12
user14,West,Log-in,Web,8:43:17
user17,East,Log-out,Web,8:44:29
user2,West,Log-out,Mobile,8:44:35
user2,West,Log-in,Mobile,8:46:24
user6,West,Log-in,Web,8:46:37
user1,East,Log-out,Mobile,8:47:53
user8,South,Log-out,Web,8:48:45
user9,East,Log-in,Mobile,8:50:36
user17,East,Log-in,Web,8:52:29
user16,South,Log-out,Web,8:54:09
user15,North,Log-out,Web,8:54:53
user14,West,Log-out,Web,8:54:57
user16,South,Log-in,Web,8:57:32
user3,North,Log-out,Web,8:58:39
user2,West,Log-out,Mobile,8:59:02
user13,East,Log-out,Web,9:02:04
user10,West,Log-in,Mobile,9:06:23
user4,South,Log-in,Mobile,9:08:15
user18,West,Log-in,Mobile,9:08:45
user1,East,Log-in,Web,9:08:57
user6,West,Log-out,Mobile,9:09:46
user15,North,Log-in,Web,9:09:48
user5,East,Log-out,Mobile,9:10:56
user10,West,Log-out,Web,9:10:59
user17,East,Log-out,Web,9:14:03
user7,North,Log-in,Web,9:14:59
user15,North,Log-out,Web,9:15:10
user8,South,Log-in,Mobile,9:15:15
user8,South,Log-out,Mobile,9:15:25
user5,East,Log-in,Web,9:17:19
user17,East,Log-in,Mobile,9:18:09
user7,North,Log-out,Web,9:19:40
user10,West,Log-in,Mobile,9:20:57
user10,West,Log-out,Mobile,9:22:39
user19,North,Log-out,Web,9:23:08
user19,North,Log-in,Web,9:24:47
user14,West,Log-in,Web,9:27:08
user3,North,Log-in,Web,9:29:39
user17,East,Log-out,Mobile,9:31:32
user10,West,Log-in,Mobile,9:32:09
user3,North,Log-out,Web,9:33:27
user13,East,Log-in,Mobile,9:34:21
user5,East,Log-out,Mobile,9:34:22
user20,South,Log-in,Mobile,9:37:34
user8,South,Log-in,Web,9:39:23
user1,East,Log-out,Web,9:41:56
user20,South,Log-out,Web,9:42:01
user15,North,Log-in,Web,9:42:12
user5,East,Log-in,Mobile,9:42:42
user18,West,Log-out,Mobile,9:44:14
user14,West,Log-out,Web,9:44:19
user16,South,Log-out,Web,9:45:32
user12,South,Log-out,Web,9:48:23
user6,West,Log-in,Web,9:49:20
user6,West,Log-out,Web,9:50:29
user20,South,Log-in,Mobile,9:51:29
user9,East,Log-out,Mobile,9:51:30
user13,East,Log-out,Web,9:52:25
user9,East,Log-in,Mobile,9:53:41
user13,East,Log-in,Web,9:54:54
user2,West,Log-in,Web,9:55:32
user16,South,Log-in,Mobile,9:56:02
user11,North,Log-out,Mobile,9:57:40
user11,North,Log-in,Mobile,9:57:47
user12,South,Log-in,Mobile,9:57:58
user18,West,Log-in,Mobile,9:58:26
user4,South,Log-out,Mobile,9:59:12
user15,North,Log-out,Web,10:00:52
user9,East,Log-out,Mobile,10:02:05
user9,East,Log-in,Mobile,10:03:32
user15,North,Log-in,Mobile,10:04:52
user4,South,Log-in,Mobile,10:06:00
user20,South,Log-out,Web,10:07:00
user19,North,Log-out,Mobile,10:11:12
user2,West,Log-out,Web,10:12:10
user7,North,Log-in,Web,10:12:55
user10,West,Log-out,Web,10:15:36
user8,South,Log-out,Web,10:16:23
user10,West,Log-in,Mobile,10:16:29
user13,East,Log-out,Mobile,10:17:05
user17,East,Log-in,Mobile,10:18:36
user19,North,Log-in,Mobile,10:22:37
user12,South,Log-out,Web,10:24:30
user10,West,Log-out,Web,10:25:22
user13,East,Log-in,Mobile,10:27:22
user7,North,Log-out,Mobile,10:29:25
user1,East,Log-in,Web,10:29:47
user15,North,Log-out,Web,10:30:24
user10,West,Log-in,Web,10:31:41
user4,South,Log-out,Web,10:32:06
user12,South,Log-in,Web,10:32:07
user9,East,Log-out,Web,10:34:01
user8,South,Log-in,Web,10:34:04
user9,East,Log-in,Web,10:34:29
user2,West,Log-in,Mobile,10:34:32
user5,East,Log-out,Web,10:35:34
user12,South,Log-out,Web,10:35:45
user9,East,Log-out,Web,10:36:18
user19,North,Log-out,Mobile,10:37:10
user7,North,Log-in,Web,10:37:34
user6,West,Log-in,Web,10:39:31
user6,West,Log-out,Web,10:41:23
user5,East,Log-in,Mobile,10:41:33
user7,North,Log-out,Mobile,10:42:38
user14,West,Log-in,Mobile,10:43:30
user6,West,Log-in,Mobile,10:44:09
user4,South,Log-in,Web,10:44:30
user5,East,Log-out,Web,10:45:53
user2,West,Log-out,Web,10:46:04
user19,North,Log-in,Web,10:46:47
user2,West,Log-in,Mobile,10:51:53
user1,East,Log-out,Web,10:52:35
user6,West,Log-out,Mobile,10:54:50
user16,South,Log-out,Mobile,10:58:20
user11,North,Log-out,Mobile,10:58:29
user12,South,Log-in,Web,10:59:11
user18,West,Log-out,Web,11:00:54
user15,North,Log-in,Web,11:01:08
user13,East,Log-out,Web,11:01:31
user16,South,Log-in,Mobile,11:01:43
user14,West,Log-out,Web,11:01:51
user3,North,Log-in,Mobile,11:03:14
user16,South,Log-out,Web,11:04:20
user4,South,Log-out,Web,11:10:21
user15,North,Log-out,Mobile,11:10:51
user13,East,Log-in,Mobile,11:14:14
user5,East,Log-in,Mobile,11:15:22
user1,East,Log-in,Web,11:17:28
user17,East,Log-out,Web,11:18:30
user7,North,Log-in,Mobile,11:19:52
user12,South,Log-out,Mobile,11:20:46
user18,West,Log-in,Mobile,11:22:42
user9,East,Log-in,Mobile,11:23:19
user9,East,Log-out,Web,11:23:33
user17,East,Log-in,Mobile,11:24:57
user19,North,Log-out,Mobile,11:25:15
user5,East,Log-out,Mobile,11:25:26
user13,East,Log-out,Web,11:29:34
user8,South,Log-out,Web,11:29:41
user3,North,Log-out,Mobile,11:31:09
user17,East,Log-out,Web,11:32:22
user14,West,Log-in,Mobile,11:36:18
user19,North,Log-in,Web,11:36:49
user5,East,Log-in,Web,11:37:01
user2,West,Log-out,Web,11:37:07
user1,East,Log-out,Web,11:37:18
user1,East,Log-in,Mobile,11:42:06
user7,North,Log-out,Mobile,11:44:08
user14,West,Log-out,Mobile,11:45:38
user2,West,Log-in,Web,11:47:28
user13,East,Log-in,Web,11:47:32
user9,East,Log-in,Mobile,11:49:29
user12,South,Log-in,Mobile,11:53:32
user5,East,Log-out,Mobile,11:53:34
user12,South,Log-out,Web,11:55:18
user1,East,Log-out,Mobile,11:56:44
user20,South,Log-in,Web,11:57:14
user5,East,Log-in,Web,11:58:31
user12,South,Log-in,Web,12:00:16
user14,West,Log-in,Web,12:02:41
user8,South,Log-in,Web,12:03:23
user6,West,Log-in,Mobile,12:03:29
user9,East,Log-out,Web,12:08:28
user4,South,Log-in,Mobile,12:09:59
user10,West,Log-out,Mobile,12:11:00
user18,West,Log-out,Mobile,12:13:13
user2,West,Log-out,Web,12:15:54
user1,East,Log-in,Mobile,12:16:16
user19,North,Log-out,Web,12:23:44
user19,North,Log-in,Mobile,12:23:48
user4,South,Log-out,Web,12:24:12
user20,South,Log-out,Web,12:24:19
user11,North,Log-in,Web,12:24:20
user5,East,Log-out,Web,12:25:04
user2,West,Log-in,Mobile,12:25:50
user4,South,Log-in,Web,12:26:49
user16,South,Log-in,Web,12:27:02
user15,North,Log-in,Mobile,12:27:30
user1,East,Log-out,Web,12:27:31
user17,East,Log-in,Mobile,12:27:43
user8,South,Log-out,Web,12:30:08
user7,North,Log-in,Web,12:32:03
user19,North,Log-out,Web,12:32:51
user2,West,Log-out,Web,12:32:56
user19,North,Log-in,Web,12:33:12
user5,East,Log-in,Mobile,12:34:01
user1,East,Log-in,Web,12:34:26
user4,South,Log-out,Mobile,12:34:36
user6,West,Log-out,Mobile,12:35:08
user6,West,Log-in,Web,12:37:13
user19,North,Log-out,Mobile,12:41:14
user2,West,Log-in,Web,12:41:29
user15,North,Log-out,Mobile,12:41:58
user3,North,Log-in,Mobile,12:43:02
user4,South,Log-in,Web,12:43:02
user18,West,Log-in,Web,12:44:13
user17,East,Log-out,Web,12:44:32
user14,West,Log-out,Mobile,12:48:36
user14,West,Log-in,Mobile,12:50:04
user16,South,Log-out,Web,12:50:40
user1,East,Log-out,Web,12:52:36
user17,East,Log-in,Mobile,12:53:24
user16,South,Log-in,Mobile,12:54:53
user10,West,Log-in,Mobile,12:55:36
user16,South,Log-out,Web,12:55:42
user8,South,Log-in,Mobile,12:55:58
user20,South,Log-in,Mobile,12:59:13
user12,South,Log-out,Web,13:03:18
user18,West,Log-out,Web,13:04:46
user10,West,Log-out,Web,13:05:22
user5,East,Log-out,Web,13:06:01
user15,North,Log-in,Mobile,13:06:35
user3,North,Log-out,Mobile,13:07:17
user2,West,Log-out,Web,13:07:36
user20,South,Log-out,Mobile,13:08:16
user2,West,Log-in,Web,13:09:39
user6,West,Log-out,Mobile,13:09:47
user7,North,Log-out,Web,13:10:13
user5,East,Log-in,Web,13:11:24
user19,North,Log-in,Mobile,13:11:54
user20,South,Log-in,Web,13:14:29
user20,South,Log-out,Mobile,13:16:31
user9,East,Log-in,Mobile,13:20:00
user2,West,Log-out,Web,13:21:05
user15,North,Log-out,Mobile,13:23:00
user4,South,Log-out,Web,13:23:54
user12,South,Log-in,Mobile,13:26:15
user16,South,Log-in,Web,13:26:15
user8,South,Log-out,Mobile,13:28:55
user1,East,Log-in,Web,13:30:48
user9,East,Log-out,Mobile,13:31:08
user10,West,Log-in,Mobile,13:31:18
user18,West,Log-in,Web,13:33:26
user7,North,Log-in,Web,13:33:45
user3,North,Log-in,Mobile,13:34:12
user8,South,Log-in,Web,13:34:51
user10,West,Log-out,Mobile,13:36:35
user1,East,Log-out,Web,13:37:53
user14,West,Log-out,Web,13:38:08
user3,North,Log-out,Web,13:39:10
user19,North,Log-out,Mobile,13:40:35
user2,West,Log-in,Mobile,13:42:14
user2,West,Log-out,Web,13:44:38
user2,West,Log-in,Web,13:46:40
user4,South,Log-in,Mobile,13:50:26
user7,North,Log-out,Web,13:51:22
user1,East,Log-in,Mobile,13:51:42
user18,West,Log-out,Mobile,13:52:56
user20,South,Log-in,Web,13:53:42
user14,West,Log-in,Mobile,13:54:59
user7,North,Log-in,Web,13:57:31
user1,East,Log-out,Web,13:57:40
user14,West,Log-out,Web,13:58:21
user2,West,Log-out,Mobile,13:59:12
user4,South,Log-out,Web,14:03:20
user16,South,Log-out,Web,14:04:37
user16,South,Log-in,Mobile,14:05:14
user8,South,Log-out,Mobile,14:05:16
user2,West,Log-in,Web,14:05:42
user15,North,Log-in,Web,14:06:57
user6,West,Log-in,Mobile,14:10:55
user11,North,Log-out,Web,14:11:32
user2,West,Log-out,Mobile,14:13:55
user5,East,Log-out,Web,14:22:34
user3,North,Log-in,Web,14:24:16
user10,West,Log-in,Mobile,14:24:51
user16,South,Log-out,Mobile,14:25:31
user20,South,Log-out,Mobile,14:25:31
user6,West,Log-out,Web,14:26:28
user9,East,Log-in,Mobile,14:26:29
user9,East,Log-out,Mobile,14:27:45
user17,East,Log-out,Web,14:30:16
user7,North,Log-out,Mobile,14:34:44
user13,East,Log-out,Mobile,14:36:21
user13,East,Log-in,Mobile,14:39:23
user19,North,Log-in,Mobile,14:41:16
user20,South,Log-in,Mobile,14:41:31
user1,East,Log-in,Web,14:46:59
user2,West,Log-in,Web,14:48:05
user3,North,Log-out,Web,14:48:27
user16,South,Log-in,Web,14:48:42
user5,East,Log-in,Mobile,14:49:08
user7,North,Log-in,Web,14:52:01
user2,West,Log-out,Mobile,14:53:01
user6,West,Log-in,Mobile,14:55:21
user9,East,Log-in,Web,14:56:02
user20,South,Log-out,Mobile,14:56:11
user5,East,Log-out,Mobile,14:57:00
user8,South,Log-in,Mobile,14:57:25
user15,North,Log-out,Mobile,14:57:53
user5,East,Log-in,Web,14:58:08
user18,West,Log-in,Mobile,14:58:13
user17,East,Log-in,Mobile,15:00:29
user9,East,Log-out,Mobile,15:02:09
user20,South,Log-in,Mobile,15:02:25
user12,South,Log-out,Mobile,15:02:39
user3,North,Log-in,Web,15:02:54
user11,North,Log-in,Web,15:07:42
user6,West,Log-out,Web,15:08:04
user15,North,Log-in,Web,15:11:29
user2,West,Log-in,Web,15:12:59
user16,South,Log-out,Web,15:13:14
user20,South,Log-out,Web,15:13:17
user3,North,Log-out,Mobile,15:16:01
user11,North,Log-out,Web,15:16:06
user6,West,Log-in,Mobile,15:16:34
user17,East,Log-out,Mobile,15:16:48
user9,East,Log-in,Mobile,15:19:08
user14,West,Log-in,Web,15:20:48
user12,South,Log-in,Web,15:22:41
user14,West,Log-out,Mobile,15:23:18
user13,East,Log-out,Mobile,15:24:17
user8,South,Log-out,Web,15:25:26
user9,East,Log-out,Mobile,15:25:57
user7,North,Log-out,Mobile,15:31:23
user8,South,Log-in,Web,15:36:01
user13,East,Log-in,Mobile,15:36:40
user2,West,Log-out,Mobile,15:41:56
user19,North,Log-out,Web,15:46:43
user13,East,Log-out,Mobile,15:52:35
user6,West,Log-out,Web,15:54:53
user14,West,Log-in,Mobile,15:55:44
user5,East,Log-out,Mobile,15:58:46
user2,West,Log-in,Mobile,15:59:26
user5,East,Log-in,Mobile,16:00:48
user1,East,Log-out,Web,16:01:52
user18,West,Log-out,Web,16:02:26
user20,South,Log-in,Web,16:05:33
user19,North,Log-in,Mobile,16:07:53
user1,East,Log-in,Mobile,16:08:03
user19,North,Log-out,Mobile,16:09:30
user17,East,Log-in,Web,16:11:17
user9,East,Log-in,Mobile,16:14:50
user9,East,Log-out,Web,16:16:35
user11,North,Log-in,Mobile,16:20:34
user13,East,Log-in,Mobile,16:21:32
user18,West,Log-in,Web,16:21:54
user2,West,Log-out,Web,16:23:03
user19,North,Log-in,Mobile,16:23:33
user4,South,Log-in,Mobile,16:24:27
user11,North,Log-out,Web,16:24:46
user7,North,Log-in,Web,16:24:46
user17,East,Log-out,Web,16:25:10
user18,West,Log-out,Mobile,16:25:27
user9,East,Log-in,Mobile,16:28:29
user8,South,Log-out,Web,16:29:12
user1,East,Log-out,Web,16:34:20
user19,North,Log-out,Web,16:34:52
user10,West,Log-out,Mobile,16:36:04
user2,West,Log-in,Web,16:36:58
user15,North,Log-out,Mobile,16:37:05
user13,East,Log-out,Mobile,16:37:09
user11,North,Log-in,Mobile,16:37:58
user18,West,Log-in,Web,16:39:21
user16,South,Log-in,Mobile,16:40:24
user9,East,Log-out,Web,16:40:57
user20,South,Log-out,Mobile,16:42:25
user9,East,Log-in,Web,16:42:44
user3,North,Log-in,Web,16:42:45
user16,South,Log-out,Mobile,16:42:48
user18,West,Log-out,Web,16:45:41
user10,West,Log-in,Mobile,16:45:43
user5,East,Log-out,Mobile,16:47:08
user19,North,Log-in,Mobile,16:47:42
user4,South,Log-out,Web,16:50:21
user20,South,Log-in,Web,16:51:18
user6,West,Log-in,Mobile,16:52:30
user14,West,Log-out,Mobile,16:56:02
user7,North,Log-out,Web,16:58:14
user9,East,Log-out,Mobile,16:58:16
user13,East,Log-in,Web,16:58:21
user8,South,Log-in,Mobile,16:59:49
user4,South,Log-in,Web,17:01:57
user6,West,Log-out,Web,17:02:15
user14,West,Log-in,Web,17:02:21
user3,North,Log-out,Web,17:06:00
user5,East,Log-in,Mobile,17:07:03
user2,West,Log-out,Web,17:07:48
user6,West,Log-in,Web,17:08:16
user6,West,Log-out,Web,17:10:14
user15,North,Log-in,Web,17:10:41
user8,South,Log-out,Web,17:11:23
user9,East,Log-in,Web,17:16:56
user9,East,Log-out,Mobile,17:17:10
user10,West,Log-out,Mobile,17:17:57
user4,South,Log-out,Mobile,17:19:18
user9,East,Log-in,Mobile,17:23:40
user12,South,Log-out,Mobile,17:24:32
user12,South,Log-in,Mobile,17:25:18
user14,West,Log-out,Web,17:26:40
user10,West,Log-in,Web,17:26:49
user12,South,Log-out,Web,17:28:34
user20,South,Log-out,Mobile,17:29:33
user13,East,Log-out,Mobile,17:30:46
user2,West,Log-in,Web,17:32:21
user1,East,Log-in,Web,17:33:56
user19,North,Log-out,Mobile,17:35:38
user2,West,Log-out,Mobile,17:37:16
user5,East,Log-out,Web,17:40:21
user2,West,Log-in,Mobile,17:41:13
user4,South,Log-in,Mobile,17:42:08
user8,South,Log-in,Web,17:44:20
user2,West,Log-out,Web,17:45:32
user7,North,Log-in,Web,17:53:49
user1,East,Log-out,Mobile,17:54:35
user14,West,Log-in,Web,17:54:53
user3,North,Log-in,Web,18:00:15
user13,East,Log-in,Web,18:00:46
user20,South,Log-in,Mobile,18:01:17
user5,East,Log-in,Web,18:02:37
user9,East,Log-out,Mobile,18:04:13
user15,North,Log-out,Mobile,18:07:51
user19,North,Log-in,Web,18:08:01
user1,East,Log-in,Mobile,18:08:33
user20,South,Log-out,Web,18:08:53
user4,South,Log-out,Web,18:10:02
user14,West,Log-out,Web,18:10:08
user12,South,Log-in,Mobile,18:11:31
user9,East,Log-in,Mobile,18:12:01
user10,West,Log-out,Web,18:13:20
user13,East,Log-out,Mobile,18:14:25
user15,North,Log-in,Web,18:17:45
user13,East,Log-in,Web,18:20:29
user3,North,Log-out,Mobile,18:21:12
user4,South,Log-in,Mobile,18:21:47
user20,South,Log-in,Mobile,18:22:16
user7,North,Log-out,Mobile,18:23:40
user18,West,Log-in,Web,18:26:18
user2,West,Log-in,Mobile,18:26:29
user12,South,Log-out,Web,18:26:34
user6,West,Log-in,Mobile,18:34:00
user17,East,Log-in,Web,18:34:25
user19,North,Log-out,Mobile,18:34:35
user6,West,Log-out,Web,18:37:43
user6,West,Log-in,Mobile,18:38:13
user15,North,Log-out,Mobile,18:38:46
user2,West,Log-out,Web,18:40:01
user4,South,Log-out,Web,18:40:42
user1,East,Log-out,Web,18:40:43
user10,West,Log-in,Web,18:41:51
user4,South,Log-in,Mobile,18:42:13
user15,North,Log-in,Mobile,18:42:35
user3,North,Log-in,Mobile,18:42:36
user18,West,Log-out,Web,18:42:52
user11,North,Log-out,Web,18:43:28
user3,North,Log-out,Mobile,18:46:09
user6,West,Log-out,Mobile,18:46:13
user15,North,Log-out,Mobile,18:48:07
user9,East,Log-out,Mobile,18:48:59
user13,East,Log-out,Mobile,18:50:11
user4,South,Log-out,Web,18:51:01
user5,East,Log-out,Mobile,18:52:45
user14,West,Log-in,Web,18:53:35
user12,South,Log-in,Mobile,18:55:26
user6,West,Log-in,Mobile,18:56:12
user18,West,Log-in,Mobile,18:56:50
user20,South,Log-out,Web,18:59:16
user9,East,Log-in,Mobile,19:01:43
user16,South,Log-in,Mobile,19:01:46
user1,East,Log-in,Web,19:02:20
user6,West,Log-out,Mobile,19:08:46
user3,North,Log-in,Mobile,19:09:36
user8,South,Log-out,Mobile,19:09:49
user11,North,Log-in,Mobile,19:10:29
user19,North,Log-in,Web,19:11:25
user1,East,Log-out,Web,19:17:35
user1,East,Log-in,Web,19:20:15
user12,South,Log-out,Mobile,19:21:31
user3,North,Log-out,Mobile,19:22:42
user9,East,Log-out,Mobile,19:26:21
user15,North,Log-in,Mobile,19:26:34
user8,South,Log-in,Mobile,19:27:33
user1,East,Log-out,Mobile,19:27:37
user13,East,Log-in,Mobile,19:27:52
user14,West,Log-out,Web,19:28:03
user16,South,Log-out,Mobile,19:28:20
user4,South,Log-in,Mobile,19:29:19
user15,North,Log-out,Web,19:29:42
user15,North,Log-in,Web,19:30:11
user11,North,Log-out,Mobile,19:33:09
user10,West,Log-out,Web,19:34:58
user8,South,Log-out,Mobile,19:35:06
user4,South,Log-out,Mobile,19:36:08
user13,East,Log-out,Mobile,19:36:22
user2,West,Log-in,Web,19:37:35
user12,South,Log-in,Mobile,19:40:41
user6,West,Log-in,Web,19:42:05
user15,North,Log-out,Web,19:42:11
user1,East,Log-in,Web,19:42:27
user7,North,Log-in,Mobile,19:46:40
user12,South,Log-out,Mobile,19:47:14
user2,West,Log-out,Mobile,19:49:15
user17,East,Log-out,Mobile,19:50:20
user20,South,Log-in,Web,19:50:51
user15,North,Log-in,Web,19:52:51
user15,North,Log-out,Web,19:52:53
user12,South,Log-in,Web,19:53:19
user13,East,Log-in,Mobile,19:55:44
user18,West,Log-out,Mobile,19:57:15
user14,West,Log-in,Mobile,20:02:54
user15,North,Log-in,Mobile,20:04:29
user18,West,Log-in,Web,20:10:38
user9,East,Log-in,Web,20:13:32
user12,South,Log-out,Web,20:15:58
user20,South,Log-out,Mobile,20:16:24
user20,South,Log-in,Web,20:16:50
user16,South,Log-in,Mobile,20:18:25
user7,North,Log-out,Mobile,20:20:21
user9,East,Log-out,Mobile,20:22:39
user17,East,Log-in,Web,20:25:43
user6,West,Log-out,Web,20:26:33
user4,South,Log-in,Web,20:27:55
user5,East,Log-in,Mobile,20:30:11
user19,North,Log-out,Mobile,20:31:15
user7,North,Log-in,Mobile,20:31:37
user10,West,Log-in,Web,20:32:15
user14,West,Log-out,Mobile,20:35:59
user8,South,Log-in,Web,20:36:07
user11,North,Log-in,Web,20:37:56
user16,South,Log-out,Mobile,20:40:05
user3,North,Log-in,Mobile,20:40:13
user13,East,Log-out,Mobile,20:42:25
user18,West,Log-out,Web,20:43:15
user17,East,Log-out,Mobile,20:44:51
user16,South,Log-in,Mobile,20:45:31
user19,North,Log-in,Web,20:45:35
user19,North,Log-out,Mobile,20:46:32
user15,North,Log-out,Web,20:47:18
user3,North,Log-out,Web,20:50:31
user17,East,Log-in,Mobile,20:52:02
user4,South,Log-out,Web,20:53:45
user9,East,Log-in,Web,20:54:07
user17,East,Log-out,Web,20:54:28
user11,North,Log-out,Mobile,20:54:57
user19,North,Log-in,Mobile,20:56:35
user19,North,Log-out,Mobile,20:57:20
user12,South,Log-in,Mobile,20:57:43
user20,South,Log-out,Web,21:03:29
user17,East,Log-in,Web,21:04:59
user18,West,Log-in,Mobile,21:05:29
user15,North,Log-in,Web,21:06:43
user1,East,Log-out,Web,21:06:59
user6,West,Log-in,Web,21:07:25
user7,North,Log-out,Web,21:09:49
user1,East,Log-in,Web,21:10:56
user20,South,Log-in,Web,21:12:48
user4,South,Log-in,Web,21:13:03
user4,South,Log-out,Mobile,21:13:58
user18,West,Log-out,Mobile,21:16:16
user11,North,Log-in,Web,21:16:36
user14,West,Log-in,Mobile,21:16:52
user8,South,Log-out,Web,21:17:07
user6,West,Log-out,Mobile,21:17:09
user16,South,Log-out,Web,21:17:11
user2,West,Log-in,Mobile,21:18:17
user17,East,Log-out,Web,21:20:23
user18,West,Log-in,Web,21:21:53
user15,North,Log-out,Web,21:22:37
user20,South,Log-out,Web,21:22:41
user12,South,Log-out,Web,21:23:22
user1,East,Log-out,Mobile,21:25:38
user9,East,Log-out,Web,21:25:56
user15,North,Log-in,Web,21:26:15
user2,West,Log-out,Web,21:27:06
user1,East,Log-in,Web,21:28:16
user14,West,Log-out,Web,21:31:27
user20,South,Log-in,Web,21:31:28
user8,South,Log-in,Web,21:31:29
user9,East,Log-in,Web,21:31:32
user11,North,Log-out,Web,21:31:40
user9,East,Log-out,Web,21:33:13
user1,East,Log-out,Web,21:33:28
user13,East,Log-in,Mobile,21:34:33
user15,North,Log-out,Web,21:35:54
user12,South,Log-in,Web,21:36:26
user3,North,Log-in,Web,21:37:37
user9,East,Log-in,Mobile,21:38:17
user8,South,Log-out,Web,21:38:33
user3,North,Log-out,Mobile,21:40:42
user15,North,Log-in,Mobile,21:41:17
user10,West,Log-out,Web,21:43:58
user4,South,Log-in,Web,21:44:28
user5,East,Log-out,Web,21:44:45
user10,West,Log-in,Web,21:45:03
user5,East,Log-in,Web,21:45:55
user1,East,Log-in,Mobile,21:46:38
user5,East,Log-out,Mobile,21:48:10
user4,South,Log-out,Web,21:50:16
user18,West,Log-out,Web,21:54:48
user19,North,Log-in,Web,21:55:33
user5,East,Log-in,Mobile,21:58:44
user3,North,Log-in,Web,21:59:51
user10,West,Log-out,Web,21:59:58
user17,East,Log-in,Mobile,22:03:31
user13,East,Log-out,Web,22:04:10
user19,North,Log-out,Web,22:04:23
user4,South,Log-in,Mobile,22:05:34
user6,West,Log-in,Mobile,22:06:03
user11,North,Log-in,Mobile,22:06:57
user14,West,Log-in,Mobile,22:07:53
user3,North,Log-out,Web,22:07:59
user13,East,Log-in,Mobile,22:08:48
user5,East,Log-out,Web,22:09:00
user7,North,Log-in,Web,22:11:08
user10,West,Log-in,Mobile,22:11:11
user7,North,Log-out,Web,22:12:36
user3,North,Log-in,Mobile,22:12:40
user19,North,Log-in,Web,22:17:47
user6,West,Log-out,Mobile,22:18:23
user10,West,Log-out,Web,22:20:10
user7,North,Log-in,Mobile,22:21:01
user20,South,Log-out,Web,22:21:10
user15,North,Log-out,Web,22:21:18
user19,North,Log-out,Mobile,22:21:18
user9,East,Log-out,Mobile,22:21:38
user1,East,Log-out,Web,22:23:05
user12,South,Log-out,Mobile,22:29:44
user10,West,Log-in,Web,22:30:23
user5,East,Log-in,Web,22:34:57
user2,West,Log-in,Web,22:36:27
user17,East,Log-out,Web,22:37:16
user17,East,Log-in,Mobile,22:38:35
user9,East,Log-in,Mobile,22:39:36
user1,East,Log-in,Mobile,22:42:53
user13,East,Log-out,Mobile,22:43:21
user10,West,Log-out,Web,22:46:25
user16,South,Log-in,Mobile,22:46:31
user4,South,Log-out,Mobile,22:48:02
user1,East,Log-out,Web,22:49:10
user7,North,Log-out,Mobile,22:54:26
user12,South,Log-in,Web,22:54:58
user14,West,Log-out,Web,23:03:01
user17,East,Log-out,Web,23:06:15
user15,North,Log-in,Mobile,23:08:19
user11,North,Log-out,Mobile,23:08:22
user12,South,Log-out,Mobile,23:09:04
user4,South,Log-in,Mobile,23:09:46
user6,West,Log-in,Web,23:11:41
user12,South,Log-in,Mobile,23:12:19
user7,North,Log-in,Web,23:13:03
user19,North,Log-in,Mobile,23:13:48
user5,East,Log-out,Web,23:15:46
user19,North,Log-out,Mobile,23:16:58
user8,South,Log-in,Web,23:17:11
user11,North,Log-in,Mobile,23:17:26
user16,South,Log-out,Web,23:21:28
user5,East,Log-in,Mobile,23:22:16
user18,West,Log-in,Web,23:24:12
user18,West,Log-out,Web,23:26:36
user4,South,Log-out,Web,23:29:46
user16,South,Log-in,Web,23:30:04
user8,South,Log-out,Web,23:34:19
user14,West,Log-in,Mobile,23:35:58
user8,South,Log-in,Web,23:36:05
user7,North,Log-out,Mobile,23:37:28
user16,South,Log-out,Mobile,23:40:58
user5,East,Log-out,Mobile,23:42:14
user11,North,Log-out,Mobile,23:43:04
user1,East,Log-in,Web,23:49:47
user8,South,Log-out,Mobile,23:50:08
user17,East,Log-in,Web,23:53:09
user8,South,Log-in,Web,23:55:14
user9,East,Log-out,Mobile,23:55:14
user2,West,Log-out,Mobile,23:57:58
